{
  "name": "project",
  "tree": {
    "$className": "DataModel",
    "ReplicatedFirst": {
      "$className": "ReplicatedFirst",
      "$ignoreUnknownInstances": true,
      "$path": "src/ReplicatedFirst"
    },
    "ReplicatedStorage": {
      "$className": "ReplicatedStorage",
      "$ignoreUnknownInstances": true,
      "$path": "src/ReplicatedStorage"
    },
    "ServerScriptService": {
      "$className": "ServerScriptService",
      "$ignoreUnknownInstances": true,
      "$path": "src/ServerScriptService"
    },
    "Workspace": {
      "$className": "Workspace",
      "$ignoreUnknownInstances": true,
      "$path": "src/Workspace"
    }
  }
}